vtkOriginalIndices,Displacement:0,Displacement:1,Points:0,Points:1,Points:2,__vtkIsSelected__,arc_length,vtkValidPointMask
0,6.72825e-12,5.14514e-14,1,0,0,0,0,1
1,4.44265e-09,-6.66135e-11,1,0.01,0,0,0.01,1
2,8.87701e-09,-1.32808e-10,1,0.02,0,0,0.02,1
3,1.33098e-08,-1.98532e-10,1,0.03,0,0,0.03,1
4,1.7741e-08,-2.63784e-10,1,0.04,0,0,0.04,1
5,2.21707e-08,-3.28561e-10,1,0.05,0,0,0.05,1
6,2.65988e-08,-3.92864e-10,1,0.06,0,0,0.06,1
7,3.10253e-08,-4.56691e-10,1,0.07,0,0,0.07,1
8,3.54502e-08,-5.2004e-10,1,0.08,0,0,0.08,1
9,3.98736e-08,-5.8291e-10,1,0.09,0,0,0.09,1
10,4.42953e-08,-6.453e-10,1,0.1,0,0,0.1,1
11,4.87155e-08,-7.07209e-10,1,0.11,0,0,0.11,1
12,5.3134e-08,-7.68635e-10,1,0.12,0,0,0.12,1
13,5.7551e-08,-8.29578e-10,1,0.13,0,0,0.13,1
14,6.19663e-08,-8.90035e-10,1,0.14,0,0,0.14,1
15,6.63801e-08,-9.50005e-10,1,0.15,0,0,0.15,1
16,7.07922e-08,-1.00949e-09,1,0.16,0,0,0.16,1
17,7.52027e-08,-1.06848e-09,1,0.17,0,0,0.17,1
18,7.96115e-08,-1.12698e-09,1,0.18,0,0,0.18,1
19,8.40188e-08,-1.18499e-09,1,0.19,0,0,0.19,1
20,8.84244e-08,-1.24251e-09,1,0.2,0,0,0.2,1
21,9.28283e-08,-1.29954e-09,1,0.21,0,0,0.21,1
22,9.72306e-08,-1.35606e-09,1,0.22,0,0,0.22,1
23,1.01631e-07,-1.41209e-09,1,0.23,0,0,0.23,1
24,1.0603e-07,-1.46762e-09,1,0.24,0,0,0.24,1
25,1.10428e-07,-1.52265e-09,1,0.25,0,0,0.25,1
26,1.14823e-07,-1.57718e-09,1,0.26,0,0,0.26,1
27,1.19217e-07,-1.63121e-09,1,0.27,0,0,0.27,1
28,1.2361e-07,-1.68473e-09,1,0.28,0,0,0.28,1
29,1.28e-07,-1.73775e-09,1,0.29,0,0,0.29,1
30,1.32389e-07,-1.79026e-09,1,0.3,0,0,0.3,1
31,1.36777e-07,-1.84226e-09,1,0.31,0,0,0.31,1
32,1.41162e-07,-1.89375e-09,1,0.32,0,0,0.32,1
33,1.45546e-07,-1.94473e-09,1,0.33,0,0,0.33,1
34,1.49929e-07,-1.9952e-09,1,0.34,0,0,0.34,1
35,1.54309e-07,-2.04515e-09,1,0.35,0,0,0.35,1
36,1.58688e-07,-2.09459e-09,1,0.36,0,0,0.36,1
37,1.63065e-07,-2.14351e-09,1,0.37,0,0,0.37,1
38,1.6744e-07,-2.19191e-09,1,0.38,0,0,0.38,1
39,1.71814e-07,-2.2398e-09,1,0.39,0,0,0.39,1
40,1.76186e-07,-2.28716e-09,1,0.4,0,0,0.4,1
41,1.80556e-07,-2.334e-09,1,0.41,0,0,0.41,1
42,1.84925e-07,-2.38031e-09,1,0.42,0,0,0.42,1
43,1.89291e-07,-2.4261e-09,1,0.43,0,0,0.43,1
44,1.93656e-07,-2.47136e-09,1,0.44,0,0,0.44,1
45,1.98019e-07,-2.51609e-09,1,0.45,0,0,0.45,1
46,2.02381e-07,-2.56029e-09,1,0.46,0,0,0.46,1
47,2.06741e-07,-2.60396e-09,1,0.47,0,0,0.47,1
48,2.11099e-07,-2.64709e-09,1,0.48,0,0,0.48,1
49,2.15455e-07,-2.68969e-09,1,0.49,0,0,0.49,1
50,2.19809e-07,-2.73175e-09,1,0.5,0,0,0.5,1
51,2.24162e-07,-2.77328e-09,1,0.51,0,0,0.51,1
52,2.28512e-07,-2.81426e-09,1,0.52,0,0,0.52,1
53,2.32861e-07,-2.85471e-09,1,0.53,0,0,0.53,1
54,2.37209e-07,-2.89461e-09,1,0.54,0,0,0.54,1
55,2.41554e-07,-2.93397e-09,1,0.55,0,0,0.55,1
56,2.45898e-07,-2.97278e-09,1,0.56,0,0,0.56,1
57,2.50239e-07,-3.01104e-09,1,0.57,0,0,0.57,1
58,2.54579e-07,-3.04875e-09,1,0.58,0,0,0.58,1
59,2.58918e-07,-3.08591e-09,1,0.59,0,0,0.59,1
60,2.63254e-07,-3.12252e-09,1,0.6,0,0,0.6,1
61,2.67588e-07,-3.15858e-09,1,0.61,0,0,0.61,1
62,2.71921e-07,-3.19408e-09,1,0.62,0,0,0.62,1
63,2.76252e-07,-3.22902e-09,1,0.63,0,0,0.63,1
64,2.80581e-07,-3.26341e-09,1,0.64,0,0,0.64,1
65,2.84908e-07,-3.29723e-09,1,0.65,0,0,0.65,1
66,2.89233e-07,-3.33049e-09,1,0.66,0,0,0.66,1
67,2.93556e-07,-3.36319e-09,1,0.67,0,0,0.67,1
68,2.97878e-07,-3.39532e-09,1,0.68,0,0,0.68,1
69,3.02197e-07,-3.42688e-09,1,0.69,0,0,0.69,1
70,3.06515e-07,-3.45787e-09,1,0.7,0,0,0.7,1
71,3.10831e-07,-3.4883e-09,1,0.71,0,0,0.71,1
72,3.15144e-07,-3.51815e-09,1,0.72,0,0,0.72,1
73,3.19456e-07,-3.54742e-09,1,0.73,0,0,0.73,1
74,3.23767e-07,-3.57612e-09,1,0.74,0,0,0.74,1
75,3.28075e-07,-3.60424e-09,1,0.75,0,0,0.75,1
76,3.32381e-07,-3.63178e-09,1,0.76,0,0,0.76,1
77,3.36685e-07,-3.65874e-09,1,0.77,0,0,0.77,1
78,3.40988e-07,-3.68512e-09,1,0.78,0,0,0.78,1
79,3.45288e-07,-3.71091e-09,1,0.79,0,0,0.79,1
80,3.49587e-07,-3.73612e-09,1,0.8,0,0,0.8,1
81,3.53883e-07,-3.76074e-09,1,0.81,0,0,0.81,1
82,3.58178e-07,-3.78476e-09,1,0.82,0,0,0.82,1
83,3.6247e-07,-3.8082e-09,1,0.83,0,0,0.83,1
84,3.66761e-07,-3.83104e-09,1,0.84,0,0,0.84,1
85,3.7105e-07,-3.85328e-09,1,0.85,0,0,0.85,1
86,3.75336e-07,-3.87493e-09,1,0.86,0,0,0.86,1
87,3.79621e-07,-3.89598e-09,1,0.87,0,0,0.87,1
88,3.83904e-07,-3.91642e-09,1,0.88,0,0,0.88,1
89,3.88184e-07,-3.93626e-09,1,0.89,0,0,0.89,1
90,3.92463e-07,-3.9555e-09,1,0.9,0,0,0.9,1
91,3.9674e-07,-3.97413e-09,1,0.91,0,0,0.91,1
92,4.01014e-07,-3.99215e-09,1,0.92,0,0,0.92,1
93,4.05287e-07,-4.00956e-09,1,0.93,0,0,0.93,1
94,4.09558e-07,-4.02636e-09,1,0.94,0,0,0.94,1
95,4.13826e-07,-4.04254e-09,1,0.95,0,0,0.95,1
96,4.18093e-07,-4.0581e-09,1,0.96,0,0,0.96,1
97,4.22357e-07,-4.07305e-09,1,0.97,0,0,0.97,1
98,4.2662e-07,-4.08738e-09,1,0.98,0,0,0.98,1
99,4.3088e-07,-4.10108e-09,1,0.99,0,0,0.99,1
100,4.35138e-07,-4.11416e-09,1,1,0,0,1,1
101,4.39395e-07,-4.12661e-09,1,1.01,0,0,1.01,1
102,4.43649e-07,-4.13843e-09,1,1.02,0,0,1.02,1
103,4.47901e-07,-4.14962e-09,1,1.03,0,0,1.03,1
104,4.52151e-07,-4.16018e-09,1,1.04,0,0,1.04,1
105,4.56399e-07,-4.17011e-09,1,1.05,0,0,1.05,1
106,4.60644e-07,-4.17939e-09,1,1.06,0,0,1.06,1
107,4.64888e-07,-4.18804e-09,1,1.07,0,0,1.07,1
108,4.69129e-07,-4.19605e-09,1,1.08,0,0,1.08,1
109,4.73369e-07,-4.20341e-09,1,1.09,0,0,1.09,1
110,4.77606e-07,-4.21013e-09,1,1.1,0,0,1.1,1
111,4.81841e-07,-4.21621e-09,1,1.11,0,0,1.11,1
112,4.86074e-07,-4.22163e-09,1,1.12,0,0,1.12,1
113,4.90305e-07,-4.2264e-09,1,1.13,0,0,1.13,1
114,4.94533e-07,-4.23051e-09,1,1.14,0,0,1.14,1
115,4.9876e-07,-4.23397e-09,1,1.15,0,0,1.15,1
116,5.02984e-07,-4.23678e-09,1,1.16,0,0,1.16,1
117,5.07206e-07,-4.23892e-09,1,1.17,0,0,1.17,1
118,5.11426e-07,-4.2404e-09,1,1.18,0,0,1.18,1
119,5.15643e-07,-4.24121e-09,1,1.19,0,0,1.19,1
120,5.19859e-07,-4.24136e-09,1,1.2,0,0,1.2,1
121,5.24072e-07,-4.24084e-09,1,1.21,0,0,1.21,1
122,5.28283e-07,-4.23965e-09,1,1.22,0,0,1.22,1
123,5.32492e-07,-4.23778e-09,1,1.23,0,0,1.23,1
124,5.36698e-07,-4.23524e-09,1,1.24,0,0,1.24,1
125,5.40903e-07,-4.23202e-09,1,1.25,0,0,1.25,1
126,5.45105e-07,-4.22812e-09,1,1.26,0,0,1.26,1
127,5.49304e-07,-4.22353e-09,1,1.27,0,0,1.27,1
128,5.53502e-07,-4.21827e-09,1,1.28,0,0,1.28,1
129,5.57697e-07,-4.21231e-09,1,1.29,0,0,1.29,1
130,5.6189e-07,-4.20566e-09,1,1.3,0,0,1.3,1
131,5.6608e-07,-4.19832e-09,1,1.31,0,0,1.31,1
132,5.70269e-07,-4.19029e-09,1,1.32,0,0,1.32,1
133,5.74455e-07,-4.18156e-09,1,1.33,0,0,1.33,1
134,5.78638e-07,-4.17213e-09,1,1.34,0,0,1.34,1
135,5.8282e-07,-4.162e-09,1,1.35,0,0,1.35,1
136,5.86999e-07,-4.15116e-09,1,1.36,0,0,1.36,1
137,5.91176e-07,-4.13962e-09,1,1.37,0,0,1.37,1
138,5.9535e-07,-4.12737e-09,1,1.38,0,0,1.38,1
139,5.99522e-07,-4.11441e-09,1,1.39,0,0,1.39,1
140,6.03691e-07,-4.10073e-09,1,1.4,0,0,1.4,1
141,6.07859e-07,-4.08633e-09,1,1.41,0,0,1.41,1
142,6.12023e-07,-4.07122e-09,1,1.42,0,0,1.42,1
143,6.16186e-07,-4.05539e-09,1,1.43,0,0,1.43,1
144,6.20346e-07,-4.03883e-09,1,1.44,0,0,1.44,1
145,6.24504e-07,-4.02154e-09,1,1.45,0,0,1.45,1
146,6.28659e-07,-4.00353e-09,1,1.46,0,0,1.46,1
147,6.32812e-07,-3.98478e-09,1,1.47,0,0,1.47,1
148,6.36962e-07,-3.9653e-09,1,1.48,0,0,1.48,1
149,6.4111e-07,-3.94508e-09,1,1.49,0,0,1.49,1
150,6.45255e-07,-3.92412e-09,1,1.5,0,0,1.5,1
151,6.49398e-07,-3.90242e-09,1,1.51,0,0,1.51,1
152,6.53539e-07,-3.87997e-09,1,1.52,0,0,1.52,1
153,6.57677e-07,-3.85678e-09,1,1.53,0,0,1.53,1
154,6.61813e-07,-3.83283e-09,1,1.54,0,0,1.54,1
155,6.65946e-07,-3.80813e-09,1,1.55,0,0,1.55,1
156,6.70076e-07,-3.78268e-09,1,1.56,0,0,1.56,1
157,6.74204e-07,-3.75646e-09,1,1.57,0,0,1.57,1
158,6.7833e-07,-3.72949e-09,1,1.58,0,0,1.58,1
159,6.82453e-07,-3.70175e-09,1,1.59,0,0,1.59,1
160,6.86573e-07,-3.67324e-09,1,1.6,0,0,1.6,1
161,6.90691e-07,-3.64397e-09,1,1.61,0,0,1.61,1
162,6.94806e-07,-3.61392e-09,1,1.62,0,0,1.62,1
163,6.98919e-07,-3.58309e-09,1,1.63,0,0,1.63,1
164,7.03029e-07,-3.55149e-09,1,1.64,0,0,1.64,1
165,7.07138e-07,-3.5187e-09,1,1.65,0,0,1.65,1
166,7.11218e-07,-3.48781e-09,1,1.66,0,0,1.66,1
167,7.1498e-07,-3.44836e-09,1,1.67,0,0,1.67,1
168,7.18742e-07,-3.4089e-09,1,1.68,0,0,1.68,1
169,7.22505e-07,-3.36945e-09,1,1.69,0,0,1.69,1
170,7.26267e-07,-3.33e-09,1,1.7,0,0,1.7,1
171,7.30029e-07,-3.29054e-09,1,1.71,0,0,1.71,1
172,7.33791e-07,-3.25108e-09,1,1.72,0,0,1.72,1
173,7.37553e-07,-3.21163e-09,1,1.73,0,0,1.73,1
174,7.41315e-07,-3.17217e-09,1,1.74,0,0,1.74,1
175,7.45077e-07,-3.13271e-09,1,1.75,0,0,1.75,1
176,7.48839e-07,-3.09325e-09,1,1.76,0,0,1.76,1
177,7.52601e-07,-3.05379e-09,1,1.77,0,0,1.77,1
178,7.56364e-07,-3.01432e-09,1,1.78,0,0,1.78,1
179,7.60126e-07,-2.97486e-09,1,1.79,0,0,1.79,1
180,7.63888e-07,-2.9354e-09,1,1.8,0,0,1.8,1
181,7.6765e-07,-2.89593e-09,1,1.81,0,0,1.81,1
182,7.71412e-07,-2.85647e-09,1,1.82,0,0,1.82,1
183,7.75174e-07,-2.817e-09,1,1.83,0,0,1.83,1
184,7.78936e-07,-2.77753e-09,1,1.84,0,0,1.84,1
185,7.82698e-07,-2.73806e-09,1,1.85,0,0,1.85,1
186,7.86461e-07,-2.69859e-09,1,1.86,0,0,1.86,1
187,7.90223e-07,-2.65912e-09,1,1.87,0,0,1.87,1
188,7.93985e-07,-2.61965e-09,1,1.88,0,0,1.88,1
189,7.97747e-07,-2.58018e-09,1,1.89,0,0,1.89,1
190,8.01509e-07,-2.5407e-09,1,1.9,0,0,1.9,1
191,8.05271e-07,-2.50123e-09,1,1.91,0,0,1.91,1
192,8.09034e-07,-2.46175e-09,1,1.92,0,0,1.92,1
193,8.12796e-07,-2.42228e-09,1,1.93,0,0,1.93,1
194,8.16558e-07,-2.3828e-09,1,1.94,0,0,1.94,1
195,8.2032e-07,-2.34332e-09,1,1.95,0,0,1.95,1
196,8.24082e-07,-2.30384e-09,1,1.96,0,0,1.96,1
197,8.27844e-07,-2.26436e-09,1,1.97,0,0,1.97,1
198,8.31607e-07,-2.22488e-09,1,1.98,0,0,1.98,1
199,8.35369e-07,-2.1854e-09,1,1.99,0,0,1.99,1
200,8.39131e-07,-2.14592e-09,1,2,0,0,2,1
201,8.42893e-07,-2.10643e-09,1,2.01,0,0,2.01,1
202,8.46655e-07,-2.06695e-09,1,2.02,0,0,2.02,1
203,8.50418e-07,-2.02746e-09,1,2.03,0,0,2.03,1
204,8.5418e-07,-1.98797e-09,1,2.04,0,0,2.04,1
205,8.57942e-07,-1.94849e-09,1,2.05,0,0,2.05,1
206,8.61704e-07,-1.909e-09,1,2.06,0,0,2.06,1
207,8.65466e-07,-1.86951e-09,1,2.07,0,0,2.07,1
208,8.69229e-07,-1.83002e-09,1,2.08,0,0,2.08,1
209,8.72991e-07,-1.79053e-09,1,2.09,0,0,2.09,1
210,8.76753e-07,-1.75103e-09,1,2.1,0,0,2.1,1
211,8.80515e-07,-1.71154e-09,1,2.11,0,0,2.11,1
212,8.84277e-07,-1.67204e-09,1,2.12,0,0,2.12,1
213,8.8804e-07,-1.63255e-09,1,2.13,0,0,2.13,1
214,8.91802e-07,-1.59305e-09,1,2.14,0,0,2.14,1
215,8.95564e-07,-1.55355e-09,1,2.15,0,0,2.15,1
216,8.99326e-07,-1.51406e-09,1,2.16,0,0,2.16,1
217,9.03089e-07,-1.47456e-09,1,2.17,0,0,2.17,1
218,9.06851e-07,-1.43506e-09,1,2.18,0,0,2.18,1
219,9.10613e-07,-1.39556e-09,1,2.19,0,0,2.19,1
220,9.14375e-07,-1.35605e-09,1,2.2,0,0,2.2,1
221,9.18138e-07,-1.31655e-09,1,2.21,0,0,2.21,1
222,9.219e-07,-1.27705e-09,1,2.22,0,0,2.22,1
223,9.25662e-07,-1.23754e-09,1,2.23,0,0,2.23,1
224,9.29425e-07,-1.19804e-09,1,2.24,0,0,2.24,1
225,9.33187e-07,-1.15853e-09,1,2.25,0,0,2.25,1
226,9.36949e-07,-1.11902e-09,1,2.26,0,0,2.26,1
227,9.40711e-07,-1.07951e-09,1,2.27,0,0,2.27,1
228,9.44474e-07,-1.04e-09,1,2.28,0,0,2.28,1
229,9.48236e-07,-1.00049e-09,1,2.29,0,0,2.29,1
230,9.51998e-07,-9.60982e-10,1,2.3,0,0,2.3,1
231,9.5576e-07,-9.2147e-10,1,2.31,0,0,2.31,1
232,9.59523e-07,-8.81956e-10,1,2.32,0,0,2.32,1
233,9.63285e-07,-8.42442e-10,1,2.33,0,0,2.33,1
234,9.67047e-07,-8.02927e-10,1,2.34,0,0,2.34,1
235,9.7081e-07,-7.6341e-10,1,2.35,0,0,2.35,1
236,9.74572e-07,-7.23893e-10,1,2.36,0,0,2.36,1
237,9.78334e-07,-6.84375e-10,1,2.37,0,0,2.37,1
238,9.82097e-07,-6.44855e-10,1,2.38,0,0,2.38,1
239,9.85859e-07,-6.05335e-10,1,2.39,0,0,2.39,1
240,9.89621e-07,-5.65814e-10,1,2.4,0,0,2.4,1
241,9.93384e-07,-5.26292e-10,1,2.41,0,0,2.41,1
242,9.97146e-07,-4.86769e-10,1,2.42,0,0,2.42,1
243,1.00091e-06,-4.47245e-10,1,2.43,0,0,2.43,1
244,1.00467e-06,-4.07721e-10,1,2.44,0,0,2.44,1
245,1.00843e-06,-3.68195e-10,1,2.45,0,0,2.45,1
246,1.0122e-06,-3.28668e-10,1,2.46,0,0,2.46,1
247,1.01596e-06,-2.89141e-10,1,2.47,0,0,2.47,1
248,1.01972e-06,-2.49612e-10,1,2.48,0,0,2.48,1
249,1.02348e-06,-2.10083e-10,1,2.49,0,0,2.49,1
250,1.02724e-06,-1.70552e-10,1,2.5,0,0,2.5,1
251,1.03101e-06,-1.31021e-10,1,2.51,0,0,2.51,1
252,1.03477e-06,-9.14884e-11,1,2.52,0,0,2.52,1
253,1.03853e-06,-5.19551e-11,1,2.53,0,0,2.53,1
254,1.04229e-06,-1.24208e-11,1,2.54,0,0,2.54,1
255,1.04606e-06,2.71144e-11,1,2.55,0,0,2.55,1
256,1.04982e-06,6.66505e-11,1,2.56,0,0,2.56,1
257,1.05358e-06,1.06188e-10,1,2.57,0,0,2.57,1
258,1.05734e-06,1.45726e-10,1,2.58,0,0,2.58,1
259,1.06111e-06,1.85265e-10,1,2.59,0,0,2.59,1
260,1.06487e-06,2.24805e-10,1,2.6,0,0,2.6,1
261,1.06863e-06,2.64346e-10,1,2.61,0,0,2.61,1
262,1.07239e-06,3.03887e-10,1,2.62,0,0,2.62,1
263,1.07616e-06,3.43431e-10,1,2.63,0,0,2.63,1
264,1.07992e-06,3.82975e-10,1,2.64,0,0,2.64,1
265,1.08368e-06,4.2252e-10,1,2.65,0,0,2.65,1
266,1.08744e-06,4.62065e-10,1,2.66,0,0,2.66,1
267,1.0912e-06,5.01612e-10,1,2.67,0,0,2.67,1
268,1.09497e-06,5.41159e-10,1,2.68,0,0,2.68,1
269,1.09873e-06,5.80708e-10,1,2.69,0,0,2.69,1
270,1.10249e-06,6.20257e-10,1,2.7,0,0,2.7,1
271,1.10625e-06,6.59808e-10,1,2.71,0,0,2.71,1
272,1.11002e-06,6.99359e-10,1,2.72,0,0,2.72,1
273,1.11378e-06,7.38911e-10,1,2.73,0,0,2.73,1
274,1.11754e-06,7.78465e-10,1,2.74,0,0,2.74,1
275,1.1213e-06,8.18019e-10,1,2.75,0,0,2.75,1
276,1.12507e-06,8.57574e-10,1,2.76,0,0,2.76,1
277,1.12883e-06,8.9713e-10,1,2.77,0,0,2.77,1
278,1.13259e-06,9.36687e-10,1,2.78,0,0,2.78,1
279,1.13635e-06,9.76245e-10,1,2.79,0,0,2.79,1
280,1.14012e-06,1.0158e-09,1,2.8,0,0,2.8,1
281,1.14388e-06,1.05536e-09,1,2.81,0,0,2.81,1
282,1.14764e-06,1.09492e-09,1,2.82,0,0,2.82,1
283,1.1514e-06,1.13449e-09,1,2.83,0,0,2.83,1
284,1.15517e-06,1.17405e-09,1,2.84,0,0,2.84,1
285,1.15893e-06,1.21361e-09,1,2.85,0,0,2.85,1
286,1.16269e-06,1.25318e-09,1,2.86,0,0,2.86,1
287,1.16645e-06,1.29274e-09,1,2.87,0,0,2.87,1
288,1.17022e-06,1.33231e-09,1,2.88,0,0,2.88,1
289,1.17398e-06,1.37188e-09,1,2.89,0,0,2.89,1
290,1.17774e-06,1.41145e-09,1,2.9,0,0,2.9,1
291,1.1815e-06,1.45102e-09,1,2.91,0,0,2.91,1
292,1.18491e-06,1.46765e-09,1,2.92,0,0,2.92,1
293,1.18817e-06,1.47476e-09,1,2.93,0,0,2.93,1
294,1.19142e-06,1.48186e-09,1,2.94,0,0,2.94,1
295,1.19468e-06,1.48896e-09,1,2.95,0,0,2.95,1
296,1.19794e-06,1.49607e-09,1,2.96,0,0,2.96,1
297,1.20119e-06,1.50317e-09,1,2.97,0,0,2.97,1
298,1.20445e-06,1.51027e-09,1,2.98,0,0,2.98,1
299,1.20771e-06,1.51738e-09,1,2.99,0,0,2.99,1
300,1.21096e-06,1.52448e-09,1,3,0,0,3,1
301,1.21422e-06,1.53159e-09,1,3.01,0,0,3.01,1
302,1.21748e-06,1.53869e-09,1,3.02,0,0,3.02,1
303,1.22073e-06,1.54579e-09,1,3.03,0,0,3.03,1
304,1.22399e-06,1.5529e-09,1,3.04,0,0,3.04,1
305,1.22725e-06,1.56e-09,1,3.05,0,0,3.05,1
306,1.2305e-06,1.56711e-09,1,3.06,0,0,3.06,1
307,1.23376e-06,1.57421e-09,1,3.07,0,0,3.07,1
308,1.23702e-06,1.58132e-09,1,3.08,0,0,3.08,1
309,1.24027e-06,1.58842e-09,1,3.09,0,0,3.09,1
310,1.24353e-06,1.59553e-09,1,3.1,0,0,3.1,1
311,1.24679e-06,1.60263e-09,1,3.11,0,0,3.11,1
312,1.25005e-06,1.60974e-09,1,3.12,0,0,3.12,1
313,1.2533e-06,1.61685e-09,1,3.13,0,0,3.13,1
314,1.25656e-06,1.62395e-09,1,3.14,0,0,3.14,1
315,1.25982e-06,1.63106e-09,1,3.15,0,0,3.15,1
316,1.26307e-06,1.63816e-09,1,3.16,0,0,3.16,1
317,1.26633e-06,1.64527e-09,1,3.17,0,0,3.17,1
318,1.26959e-06,1.65238e-09,1,3.18,0,0,3.18,1
319,1.27284e-06,1.65948e-09,1,3.19,0,0,3.19,1
320,1.2761e-06,1.66659e-09,1,3.2,0,0,3.2,1
321,1.27936e-06,1.6737e-09,1,3.21,0,0,3.21,1
322,1.28261e-06,1.6808e-09,1,3.22,0,0,3.22,1
323,1.28587e-06,1.68791e-09,1,3.23,0,0,3.23,1
324,1.28913e-06,1.69502e-09,1,3.24,0,0,3.24,1
325,1.29238e-06,1.70212e-09,1,3.25,0,0,3.25,1
326,1.29564e-06,1.70923e-09,1,3.26,0,0,3.26,1
327,1.2989e-06,1.71634e-09,1,3.27,0,0,3.27,1
328,1.30215e-06,1.72345e-09,1,3.28,0,0,3.28,1
329,1.30541e-06,1.73055e-09,1,3.29,0,0,3.29,1
330,1.30867e-06,1.73766e-09,1,3.3,0,0,3.3,1
331,1.31193e-06,1.74477e-09,1,3.31,0,0,3.31,1
332,1.31518e-06,1.75188e-09,1,3.32,0,0,3.32,1
333,1.31844e-06,1.75899e-09,1,3.33,0,0,3.33,1
334,1.3217e-06,1.76609e-09,1,3.34,0,0,3.34,1
335,1.32495e-06,1.7732e-09,1,3.35,0,0,3.35,1
336,1.32821e-06,1.78031e-09,1,3.36,0,0,3.36,1
337,1.33147e-06,1.78742e-09,1,3.37,0,0,3.37,1
338,1.33472e-06,1.79453e-09,1,3.38,0,0,3.38,1
339,1.33798e-06,1.80164e-09,1,3.39,0,0,3.39,1
340,1.34124e-06,1.80875e-09,1,3.4,0,0,3.4,1
341,1.34449e-06,1.81586e-09,1,3.41,0,0,3.41,1
342,1.34775e-06,1.82297e-09,1,3.42,0,0,3.42,1
343,1.35101e-06,1.83007e-09,1,3.43,0,0,3.43,1
344,1.35426e-06,1.83718e-09,1,3.44,0,0,3.44,1
345,1.35752e-06,1.84429e-09,1,3.45,0,0,3.45,1
346,1.36078e-06,1.8514e-09,1,3.46,0,0,3.46,1
347,1.36403e-06,1.85851e-09,1,3.47,0,0,3.47,1
348,1.36729e-06,1.86562e-09,1,3.48,0,0,3.48,1
349,1.37055e-06,1.87273e-09,1,3.49,0,0,3.49,1
350,1.3738e-06,1.87984e-09,1,3.5,0,0,3.5,1
351,1.37706e-06,1.88696e-09,1,3.51,0,0,3.51,1
352,1.38032e-06,1.89407e-09,1,3.52,0,0,3.52,1
353,1.38358e-06,1.90118e-09,1,3.53,0,0,3.53,1
354,1.38683e-06,1.90829e-09,1,3.54,0,0,3.54,1
355,1.39009e-06,1.9154e-09,1,3.55,0,0,3.55,1
356,1.39335e-06,1.92251e-09,1,3.56,0,0,3.56,1
357,1.3966e-06,1.92962e-09,1,3.57,0,0,3.57,1
358,1.39986e-06,1.93673e-09,1,3.58,0,0,3.58,1
359,1.40312e-06,1.94384e-09,1,3.59,0,0,3.59,1
360,1.40637e-06,1.95096e-09,1,3.6,0,0,3.6,1
361,1.40963e-06,1.95807e-09,1,3.61,0,0,3.61,1
362,1.41289e-06,1.96518e-09,1,3.62,0,0,3.62,1
363,1.41614e-06,1.97229e-09,1,3.63,0,0,3.63,1
364,1.4194e-06,1.9794e-09,1,3.64,0,0,3.64,1
365,1.42266e-06,1.98652e-09,1,3.65,0,0,3.65,1
366,1.42591e-06,1.99363e-09,1,3.66,0,0,3.66,1
367,1.42917e-06,2.00074e-09,1,3.67,0,0,3.67,1
368,1.43243e-06,2.00785e-09,1,3.68,0,0,3.68,1
369,1.43568e-06,2.01497e-09,1,3.69,0,0,3.69,1
370,1.43894e-06,2.02208e-09,1,3.7,0,0,3.7,1
371,1.4422e-06,2.02919e-09,1,3.71,0,0,3.71,1
372,1.44546e-06,2.03631e-09,1,3.72,0,0,3.72,1
373,1.44871e-06,2.04342e-09,1,3.73,0,0,3.73,1
374,1.45197e-06,2.05053e-09,1,3.74,0,0,3.74,1
375,1.45523e-06,2.05765e-09,1,3.75,0,0,3.75,1
376,1.45848e-06,2.06476e-09,1,3.76,0,0,3.76,1
377,1.46174e-06,2.07187e-09,1,3.77,0,0,3.77,1
378,1.465e-06,2.07899e-09,1,3.78,0,0,3.78,1
379,1.46825e-06,2.0861e-09,1,3.79,0,0,3.79,1
380,1.47151e-06,2.09322e-09,1,3.8,0,0,3.8,1
381,1.47477e-06,2.10033e-09,1,3.81,0,0,3.81,1
382,1.47802e-06,2.10745e-09,1,3.82,0,0,3.82,1
383,1.48128e-06,2.11456e-09,1,3.83,0,0,3.83,1
384,1.48454e-06,2.12167e-09,1,3.84,0,0,3.84,1
385,1.48779e-06,2.12879e-09,1,3.85,0,0,3.85,1
386,1.49105e-06,2.1359e-09,1,3.86,0,0,3.86,1
387,1.49431e-06,2.14302e-09,1,3.87,0,0,3.87,1
388,1.49756e-06,2.15013e-09,1,3.88,0,0,3.88,1
389,1.50082e-06,2.15725e-09,1,3.89,0,0,3.89,1
390,1.50408e-06,2.16437e-09,1,3.9,0,0,3.9,1
391,1.50734e-06,2.17148e-09,1,3.91,0,0,3.91,1
392,1.51059e-06,2.1786e-09,1,3.92,0,0,3.92,1
393,1.51385e-06,2.18571e-09,1,3.93,0,0,3.93,1
394,1.51711e-06,2.19283e-09,1,3.94,0,0,3.94,1
395,1.52036e-06,2.19995e-09,1,3.95,0,0,3.95,1
396,1.52362e-06,2.20706e-09,1,3.96,0,0,3.96,1
397,1.5266e-06,2.21232e-09,1,3.97,0,0,3.97,1
398,1.52942e-06,2.21645e-09,1,3.98,0,0,3.98,1
399,1.53224e-06,2.22058e-09,1,3.99,0,0,3.99,1
400,1.53505e-06,2.22472e-09,1,4,0,0,4,1
401,1.53787e-06,2.22885e-09,1,4.01,0,0,4.01,1
402,1.54069e-06,2.23298e-09,1,4.02,0,0,4.02,1
403,1.5435e-06,2.23711e-09,1,4.03,0,0,4.03,1
404,1.54632e-06,2.24124e-09,1,4.04,0,0,4.04,1
405,1.54913e-06,2.24537e-09,1,4.05,0,0,4.05,1
406,1.55195e-06,2.2495e-09,1,4.06,0,0,4.06,1
407,1.55477e-06,2.25364e-09,1,4.07,0,0,4.07,1
408,1.55758e-06,2.25777e-09,1,4.08,0,0,4.08,1
409,1.5604e-06,2.2619e-09,1,4.09,0,0,4.09,1
410,1.56322e-06,2.26603e-09,1,4.1,0,0,4.1,1
411,1.56603e-06,2.27016e-09,1,4.11,0,0,4.11,1
412,1.56885e-06,2.27429e-09,1,4.12,0,0,4.12,1
413,1.57167e-06,2.27843e-09,1,4.13,0,0,4.13,1
414,1.57448e-06,2.28256e-09,1,4.14,0,0,4.14,1
415,1.5773e-06,2.28669e-09,1,4.15,0,0,4.15,1
416,1.58012e-06,2.29082e-09,1,4.16,0,0,4.16,1
417,1.58293e-06,2.29495e-09,1,4.17,0,0,4.17,1
418,1.58575e-06,2.29908e-09,1,4.18,0,0,4.18,1
419,1.58857e-06,2.30322e-09,1,4.19,0,0,4.19,1
420,1.59138e-06,2.30735e-09,1,4.2,0,0,4.2,1
421,1.5942e-06,2.31148e-09,1,4.21,0,0,4.21,1
422,1.59702e-06,2.31561e-09,1,4.22,0,0,4.22,1
423,1.59983e-06,2.31974e-09,1,4.23,0,0,4.23,1
424,1.60265e-06,2.32387e-09,1,4.24,0,0,4.24,1
425,1.60547e-06,2.32801e-09,1,4.25,0,0,4.25,1
426,1.60828e-06,2.33214e-09,1,4.26,0,0,4.26,1
427,1.6111e-06,2.33627e-09,1,4.27,0,0,4.27,1
428,1.61391e-06,2.3404e-09,1,4.28,0,0,4.28,1
429,1.61673e-06,2.34453e-09,1,4.29,0,0,4.29,1
430,1.61955e-06,2.34867e-09,1,4.3,0,0,4.3,1
431,1.62236e-06,2.3528e-09,1,4.31,0,0,4.31,1
432,1.62518e-06,2.35693e-09,1,4.32,0,0,4.32,1
433,1.628e-06,2.36106e-09,1,4.33,0,0,4.33,1
434,1.63081e-06,2.36519e-09,1,4.34,0,0,4.34,1
435,1.63363e-06,2.36932e-09,1,4.35,0,0,4.35,1
436,1.63645e-06,2.37346e-09,1,4.36,0,0,4.36,1
437,1.63926e-06,2.37759e-09,1,4.37,0,0,4.37,1
438,1.64208e-06,2.38172e-09,1,4.38,0,0,4.38,1
439,1.6449e-06,2.38585e-09,1,4.39,0,0,4.39,1
440,1.64771e-06,2.38998e-09,1,4.4,0,0,4.4,1
441,1.65053e-06,2.39412e-09,1,4.41,0,0,4.41,1
442,1.65335e-06,2.39825e-09,1,4.42,0,0,4.42,1
443,1.65616e-06,2.40238e-09,1,4.43,0,0,4.43,1
444,1.65898e-06,2.40651e-09,1,4.44,0,0,4.44,1
445,1.6618e-06,2.41065e-09,1,4.45,0,0,4.45,1
446,1.66459e-06,2.41696e-09,1,4.46,0,0,4.46,1
447,1.6674e-06,2.42109e-09,1,4.47,0,0,4.47,1
448,1.67022e-06,2.42522e-09,1,4.48,0,0,4.48,1
449,1.67304e-06,2.42934e-09,1,4.49,0,0,4.49,1
450,1.67585e-06,2.43347e-09,1,4.5,0,0,4.5,1
451,1.67867e-06,2.4376e-09,1,4.51,0,0,4.51,1
452,1.68149e-06,2.44172e-09,1,4.52,0,0,4.52,1
453,1.6843e-06,2.44585e-09,1,4.53,0,0,4.53,1
454,1.68712e-06,2.44998e-09,1,4.54,0,0,4.54,1
455,1.68994e-06,2.4541e-09,1,4.55,0,0,4.55,1
456,1.69275e-06,2.45823e-09,1,4.56,0,0,4.56,1
457,1.69557e-06,2.46236e-09,1,4.57,0,0,4.57,1
458,1.69838e-06,2.46648e-09,1,4.58,0,0,4.58,1
459,1.7012e-06,2.47061e-09,1,4.59,0,0,4.59,1
460,1.70402e-06,2.47474e-09,1,4.6,0,0,4.6,1
461,1.70684e-06,2.47886e-09,1,4.61,0,0,4.61,1
462,1.70965e-06,2.48299e-09,1,4.62,0,0,4.62,1
463,1.71247e-06,2.48712e-09,1,4.63,0,0,4.63,1
464,1.71528e-06,2.49124e-09,1,4.64,0,0,4.64,1
465,1.7181e-06,2.49537e-09,1,4.65,0,0,4.65,1
466,1.72092e-06,2.4995e-09,1,4.66,0,0,4.66,1
467,1.72373e-06,2.50362e-09,1,4.67,0,0,4.67,1
468,1.72655e-06,2.50775e-09,1,4.68,0,0,4.68,1
469,1.72937e-06,2.51187e-09,1,4.69,0,0,4.69,1
470,1.73218e-06,2.516e-09,1,4.7,0,0,4.7,1
471,1.735e-06,2.52013e-09,1,4.71,0,0,4.71,1
472,1.73782e-06,2.52425e-09,1,4.72,0,0,4.72,1
473,1.74063e-06,2.52838e-09,1,4.73,0,0,4.73,1
474,1.74345e-06,2.53251e-09,1,4.74,0,0,4.74,1
475,1.74627e-06,2.53663e-09,1,4.75,0,0,4.75,1
476,1.74908e-06,2.54076e-09,1,4.76,0,0,4.76,1
477,1.7519e-06,2.54488e-09,1,4.77,0,0,4.77,1
478,1.75472e-06,2.54901e-09,1,4.78,0,0,4.78,1
479,1.75753e-06,2.55314e-09,1,4.79,0,0,4.79,1
480,1.76035e-06,2.55726e-09,1,4.8,0,0,4.8,1
481,1.76317e-06,2.56139e-09,1,4.81,0,0,4.81,1
482,1.76598e-06,2.56552e-09,1,4.82,0,0,4.82,1
483,1.7688e-06,2.56964e-09,1,4.83,0,0,4.83,1
484,1.77162e-06,2.57377e-09,1,4.84,0,0,4.84,1
485,1.77443e-06,2.57789e-09,1,4.85,0,0,4.85,1
486,1.77725e-06,2.58202e-09,1,4.86,0,0,4.86,1
487,1.78007e-06,2.58615e-09,1,4.87,0,0,4.87,1
488,1.78288e-06,2.59027e-09,1,4.88,0,0,4.88,1
489,1.7857e-06,2.5944e-09,1,4.89,0,0,4.89,1
490,1.78852e-06,2.59852e-09,1,4.9,0,0,4.9,1
491,1.79133e-06,2.60265e-09,1,4.91,0,0,4.91,1
492,1.79415e-06,2.60678e-09,1,4.92,0,0,4.92,1
493,1.79697e-06,2.6109e-09,1,4.93,0,0,4.93,1
494,1.79978e-06,2.61503e-09,1,4.94,0,0,4.94,1
495,1.8026e-06,2.61915e-09,1,4.95,0,0,4.95,1
496,1.80511e-06,2.62411e-09,1,4.96,0,0,4.96,1
497,1.80747e-06,2.62947e-09,1,4.97,0,0,4.97,1
498,1.80983e-06,2.63484e-09,1,4.98,0,0,4.98,1
499,1.81219e-06,2.6402e-09,1,4.99,0,0,4.99,1
500,1.81456e-06,2.64557e-09,1,5,0,0,5,1
501,1.81692e-06,2.65093e-09,1,5.01,0,0,5.01,1
502,1.81928e-06,2.65629e-09,1,5.02,0,0,5.02,1
503,1.82164e-06,2.66166e-09,1,5.03,0,0,5.03,1
504,1.824e-06,2.66702e-09,1,5.04,0,0,5.04,1
505,1.82636e-06,2.67239e-09,1,5.05,0,0,5.05,1
506,1.82872e-06,2.67775e-09,1,5.06,0,0,5.06,1
507,1.83108e-06,2.68311e-09,1,5.07,0,0,5.07,1
508,1.83344e-06,2.68848e-09,1,5.08,0,0,5.08,1
509,1.8358e-06,2.69384e-09,1,5.09,0,0,5.09,1
510,1.83816e-06,2.6992e-09,1,5.1,0,0,5.1,1
511,1.84053e-06,2.70457e-09,1,5.11,0,0,5.11,1
512,1.84289e-06,2.70993e-09,1,5.12,0,0,5.12,1
513,1.84525e-06,2.71529e-09,1,5.13,0,0,5.13,1
514,1.84761e-06,2.72066e-09,1,5.14,0,0,5.14,1
515,1.84997e-06,2.72602e-09,1,5.15,0,0,5.15,1
516,1.85233e-06,2.73138e-09,1,5.16,0,0,5.16,1
517,1.85469e-06,2.73675e-09,1,5.17,0,0,5.17,1
518,1.85705e-06,2.74211e-09,1,5.18,0,0,5.18,1
519,1.85941e-06,2.74747e-09,1,5.19,0,0,5.19,1
520,1.86177e-06,2.75284e-09,1,5.2,0,0,5.2,1
521,1.86414e-06,2.7582e-09,1,5.21,0,0,5.21,1
522,1.8665e-06,2.76356e-09,1,5.22,0,0,5.22,1
523,1.86886e-06,2.76893e-09,1,5.23,0,0,5.23,1
524,1.87122e-06,2.77429e-09,1,5.24,0,0,5.24,1
525,1.87358e-06,2.77965e-09,1,5.25,0,0,5.25,1
526,1.87594e-06,2.78501e-09,1,5.26,0,0,5.26,1
527,1.8783e-06,2.79038e-09,1,5.27,0,0,5.27,1
528,1.88066e-06,2.79574e-09,1,5.28,0,0,5.28,1
529,1.88302e-06,2.8011e-09,1,5.29,0,0,5.29,1
530,1.88538e-06,2.80647e-09,1,5.3,0,0,5.3,1
531,1.88774e-06,2.81183e-09,1,5.31,0,0,5.31,1
532,1.89011e-06,2.81719e-09,1,5.32,0,0,5.32,1
533,1.89247e-06,2.82255e-09,1,5.33,0,0,5.33,1
534,1.89483e-06,2.82792e-09,1,5.34,0,0,5.34,1
535,1.89719e-06,2.83328e-09,1,5.35,0,0,5.35,1
536,1.89955e-06,2.83864e-09,1,5.36,0,0,5.36,1
537,1.90191e-06,2.844e-09,1,5.37,0,0,5.37,1
538,1.90427e-06,2.84937e-09,1,5.38,0,0,5.38,1
539,1.90663e-06,2.85473e-09,1,5.39,0,0,5.39,1
540,1.90899e-06,2.86009e-09,1,5.4,0,0,5.4,1
541,1.91135e-06,2.86545e-09,1,5.41,0,0,5.41,1
542,1.91372e-06,2.87082e-09,1,5.42,0,0,5.42,1
543,1.91608e-06,2.87618e-09,1,5.43,0,0,5.43,1
544,1.91844e-06,2.88154e-09,1,5.44,0,0,5.44,1
545,1.9208e-06,2.8869e-09,1,5.45,0,0,5.45,1
546,1.92316e-06,2.89227e-09,1,5.46,0,0,5.46,1
547,1.92552e-06,2.89763e-09,1,5.47,0,0,5.47,1
548,1.92788e-06,2.90299e-09,1,5.48,0,0,5.48,1
549,1.93024e-06,2.90835e-09,1,5.49,0,0,5.49,1
550,1.9326e-06,2.91371e-09,1,5.5,0,0,5.5,1
551,1.93496e-06,2.91908e-09,1,5.51,0,0,5.51,1
552,1.93732e-06,2.92444e-09,1,5.52,0,0,5.52,1
553,1.93969e-06,2.9298e-09,1,5.53,0,0,5.53,1
554,1.94205e-06,2.93516e-09,1,5.54,0,0,5.54,1
555,1.94441e-06,2.94052e-09,1,5.55,0,0,5.55,1
556,1.94677e-06,2.94589e-09,1,5.56,0,0,5.56,1
557,1.94913e-06,2.95125e-09,1,5.57,0,0,5.57,1
558,1.95149e-06,2.95661e-09,1,5.58,0,0,5.58,1
559,1.95385e-06,2.96197e-09,1,5.59,0,0,5.59,1
560,1.95621e-06,2.96733e-09,1,5.6,0,0,5.6,1
561,1.95857e-06,2.97269e-09,1,5.61,0,0,5.61,1
562,1.96093e-06,2.97806e-09,1,5.62,0,0,5.62,1
563,1.9633e-06,2.98342e-09,1,5.63,0,0,5.63,1
564,1.96566e-06,2.98878e-09,1,5.64,0,0,5.64,1
565,1.96802e-06,2.99414e-09,1,5.65,0,0,5.65,1
566,1.97038e-06,2.9995e-09,1,5.66,0,0,5.66,1
567,1.97274e-06,3.00486e-09,1,5.67,0,0,5.67,1
568,1.9751e-06,3.01023e-09,1,5.68,0,0,5.68,1
569,1.97746e-06,3.01559e-09,1,5.69,0,0,5.69,1
570,1.97982e-06,3.02095e-09,1,5.7,0,0,5.7,1
571,1.98218e-06,3.02631e-09,1,5.71,0,0,5.71,1
572,1.98454e-06,3.03167e-09,1,5.72,0,0,5.72,1
573,1.9869e-06,3.03703e-09,1,5.73,0,0,5.73,1
574,1.98927e-06,3.04239e-09,1,5.74,0,0,5.74,1
575,1.99163e-06,3.04775e-09,1,5.75,0,0,5.75,1
576,1.99399e-06,3.05312e-09,1,5.76,0,0,5.76,1
577,1.99635e-06,3.05848e-09,1,5.77,0,0,5.77,1
578,1.99871e-06,3.06384e-09,1,5.78,0,0,5.78,1
579,2.00107e-06,3.0692e-09,1,5.79,0,0,5.79,1
580,2.00343e-06,3.07456e-09,1,5.8,0,0,5.8,1
581,2.00579e-06,3.07992e-09,1,5.81,0,0,5.81,1
582,2.00815e-06,3.08528e-09,1,5.82,0,0,5.82,1
583,2.01051e-06,3.09064e-09,1,5.83,0,0,5.83,1
584,2.01287e-06,3.096e-09,1,5.84,0,0,5.84,1
585,2.01524e-06,3.10136e-09,1,5.85,0,0,5.85,1
586,2.0176e-06,3.10673e-09,1,5.86,0,0,5.86,1
587,2.01996e-06,3.11209e-09,1,5.87,0,0,5.87,1
588,2.02232e-06,3.11745e-09,1,5.88,0,0,5.88,1
589,2.02468e-06,3.12281e-09,1,5.89,0,0,5.89,1
590,2.02704e-06,3.12817e-09,1,5.9,0,0,5.9,1
591,2.0294e-06,3.13353e-09,1,5.91,0,0,5.91,1
592,2.03176e-06,3.13889e-09,1,5.92,0,0,5.92,1
593,2.03412e-06,3.14425e-09,1,5.93,0,0,5.93,1
594,2.03648e-06,3.14961e-09,1,5.94,0,0,5.94,1
595,2.03884e-06,3.15497e-09,1,5.95,0,0,5.95,1
596,2.04121e-06,3.16033e-09,1,5.96,0,0,5.96,1
597,2.04321e-06,3.16152e-09,1,5.97,0,0,5.97,1
598,2.04511e-06,3.1615e-09,1,5.98,0,0,5.98,1
599,2.04701e-06,3.16148e-09,1,5.99,0,0,5.99,1
600,2.04891e-06,3.16146e-09,1,6,0,0,6,1
601,2.05081e-06,3.16144e-09,1,6.01,0,0,6.01,1
602,2.05271e-06,3.16143e-09,1,6.02,0,0,6.02,1
603,2.05461e-06,3.16141e-09,1,6.03,0,0,6.03,1
604,2.05651e-06,3.16139e-09,1,6.04,0,0,6.04,1
605,2.05841e-06,3.16137e-09,1,6.05,0,0,6.05,1
606,2.06031e-06,3.16135e-09,1,6.06,0,0,6.06,1
607,2.06221e-06,3.16133e-09,1,6.07,0,0,6.07,1
608,2.06411e-06,3.16131e-09,1,6.08,0,0,6.08,1
609,2.06601e-06,3.1613e-09,1,6.09,0,0,6.09,1
610,2.06791e-06,3.16128e-09,1,6.1,0,0,6.1,1
611,2.06982e-06,3.16126e-09,1,6.11,0,0,6.11,1
612,2.07172e-06,3.16124e-09,1,6.12,0,0,6.12,1
613,2.07362e-06,3.16122e-09,1,6.13,0,0,6.13,1
614,2.07552e-06,3.1612e-09,1,6.14,0,0,6.14,1
615,2.07742e-06,3.16118e-09,1,6.15,0,0,6.15,1
616,2.07932e-06,3.16117e-09,1,6.16,0,0,6.16,1
617,2.08122e-06,3.16115e-09,1,6.17,0,0,6.17,1
618,2.08312e-06,3.16113e-09,1,6.18,0,0,6.18,1
619,2.08502e-06,3.16111e-09,1,6.19,0,0,6.19,1
620,2.08692e-06,3.16109e-09,1,6.2,0,0,6.2,1
621,2.08882e-06,3.16107e-09,1,6.21,0,0,6.21,1
622,2.09072e-06,3.16105e-09,1,6.22,0,0,6.22,1
623,2.09262e-06,3.16104e-09,1,6.23,0,0,6.23,1
624,2.09452e-06,3.16102e-09,1,6.24,0,0,6.24,1
625,2.09642e-06,3.161e-09,1,6.25,0,0,6.25,1
626,2.09832e-06,3.16098e-09,1,6.26,0,0,6.26,1
627,2.10022e-06,3.16096e-09,1,6.27,0,0,6.27,1
628,2.10212e-06,3.16094e-09,1,6.28,0,0,6.28,1
629,2.10402e-06,3.16092e-09,1,6.29,0,0,6.29,1
630,2.10592e-06,3.16091e-09,1,6.3,0,0,6.3,1
631,2.10782e-06,3.16089e-09,1,6.31,0,0,6.31,1
632,2.10972e-06,3.16087e-09,1,6.32,0,0,6.32,1
633,2.11162e-06,3.16085e-09,1,6.33,0,0,6.33,1
634,2.11352e-06,3.16083e-09,1,6.34,0,0,6.34,1
635,2.11542e-06,3.16081e-09,1,6.35,0,0,6.35,1
636,2.11732e-06,3.16079e-09,1,6.36,0,0,6.36,1
637,2.11922e-06,3.16078e-09,1,6.37,0,0,6.37,1
638,2.12113e-06,3.16076e-09,1,6.38,0,0,6.38,1
639,2.12303e-06,3.16074e-09,1,6.39,0,0,6.39,1
640,2.12493e-06,3.16072e-09,1,6.4,0,0,6.4,1
641,2.12683e-06,3.1607e-09,1,6.41,0,0,6.41,1
642,2.12873e-06,3.16068e-09,1,6.42,0,0,6.42,1
643,2.13063e-06,3.16066e-09,1,6.43,0,0,6.43,1
644,2.13253e-06,3.16065e-09,1,6.44,0,0,6.44,1
645,2.13443e-06,3.16063e-09,1,6.45,0,0,6.45,1
646,2.13633e-06,3.16061e-09,1,6.46,0,0,6.46,1
647,2.13823e-06,3.16059e-09,1,6.47,0,0,6.47,1
648,2.14013e-06,3.16057e-09,1,6.48,0,0,6.48,1
649,2.14203e-06,3.16055e-09,1,6.49,0,0,6.49,1
650,2.14393e-06,3.16053e-09,1,6.5,0,0,6.5,1
651,2.14583e-06,3.16052e-09,1,6.51,0,0,6.51,1
652,2.14773e-06,3.1605e-09,1,6.52,0,0,6.52,1
653,2.14963e-06,3.16048e-09,1,6.53,0,0,6.53,1
654,2.15153e-06,3.16046e-09,1,6.54,0,0,6.54,1
655,2.15343e-06,3.16044e-09,1,6.55,0,0,6.55,1
656,2.15533e-06,3.16042e-09,1,6.56,0,0,6.56,1
657,2.15723e-06,3.1604e-09,1,6.57,0,0,6.57,1
658,2.15913e-06,3.16039e-09,1,6.58,0,0,6.58,1
659,2.16103e-06,3.16037e-09,1,6.59,0,0,6.59,1
660,2.16293e-06,3.16035e-09,1,6.6,0,0,6.6,1
661,2.16483e-06,3.16033e-09,1,6.61,0,0,6.61,1
662,2.16673e-06,3.16031e-09,1,6.62,0,0,6.62,1
663,2.16864e-06,3.16029e-09,1,6.63,0,0,6.63,1
664,2.17054e-06,3.16027e-09,1,6.64,0,0,6.64,1
665,2.17244e-06,3.16026e-09,1,6.65,0,0,6.65,1
666,2.17434e-06,3.16024e-09,1,6.66,0,0,6.66,1
667,2.17624e-06,3.16022e-09,1,6.67,0,0,6.67,1
668,2.17814e-06,3.1602e-09,1,6.68,0,0,6.68,1
669,2.18004e-06,3.16018e-09,1,6.69,0,0,6.69,1
670,2.18194e-06,3.16016e-09,1,6.7,0,0,6.7,1
671,2.18384e-06,3.16014e-09,1,6.71,0,0,6.71,1
672,2.18574e-06,3.16013e-09,1,6.72,0,0,6.72,1
673,2.18764e-06,3.16011e-09,1,6.73,0,0,6.73,1
674,2.18954e-06,3.16009e-09,1,6.74,0,0,6.74,1
675,2.19144e-06,3.16007e-09,1,6.75,0,0,6.75,1
676,2.19334e-06,3.16005e-09,1,6.76,0,0,6.76,1
677,2.19524e-06,3.16003e-09,1,6.77,0,0,6.77,1
678,2.19714e-06,3.16001e-09,1,6.78,0,0,6.78,1
679,2.19904e-06,3.16e-09,1,6.79,0,0,6.79,1
680,2.20094e-06,3.15998e-09,1,6.8,0,0,6.8,1
681,2.20284e-06,3.15996e-09,1,6.81,0,0,6.81,1
682,2.20474e-06,3.15994e-09,1,6.82,0,0,6.82,1
683,2.20664e-06,3.15992e-09,1,6.83,0,0,6.83,1
684,2.20854e-06,3.1599e-09,1,6.84,0,0,6.84,1
685,2.21044e-06,3.15988e-09,1,6.85,0,0,6.85,1
686,2.21234e-06,3.15987e-09,1,6.86,0,0,6.86,1
687,2.21424e-06,3.15985e-09,1,6.87,0,0,6.87,1
688,2.21614e-06,3.15983e-09,1,6.88,0,0,6.88,1
689,2.21805e-06,3.15981e-09,1,6.89,0,0,6.89,1
690,2.21996e-06,3.16029e-09,1,6.9,0,0,6.9,1
691,2.22155e-06,3.14714e-09,1,6.91,0,0,6.91,1
692,2.22313e-06,3.134e-09,1,6.92,0,0,6.92,1
693,2.22472e-06,3.12086e-09,1,6.93,0,0,6.93,1
694,2.22631e-06,3.10772e-09,1,6.94,0,0,6.94,1
695,2.2279e-06,3.09458e-09,1,6.95,0,0,6.95,1
696,2.22949e-06,3.08145e-09,1,6.96,0,0,6.96,1
697,2.23107e-06,3.06831e-09,1,6.97,0,0,6.97,1
698,2.23266e-06,3.05518e-09,1,6.98,0,0,6.98,1
699,2.23425e-06,3.04205e-09,1,6.99,0,0,6.99,1
700,2.23584e-06,3.02892e-09,1,7,0,0,7,1
701,2.23742e-06,3.01579e-09,1,7.01,0,0,7.01,1
702,2.23901e-06,3.00267e-09,1,7.02,0,0,7.02,1
703,2.2406e-06,2.98954e-09,1,7.03,0,0,7.03,1
704,2.24219e-06,2.97642e-09,1,7.04,0,0,7.04,1
705,2.24378e-06,2.9633e-09,1,7.05,0,0,7.05,1
706,2.24536e-06,2.95018e-09,1,7.06,0,0,7.06,1
707,2.24695e-06,2.93706e-09,1,7.07,0,0,7.07,1
708,2.24854e-06,2.92394e-09,1,7.08,0,0,7.08,1
709,2.25013e-06,2.91083e-09,1,7.09,0,0,7.09,1
710,2.25171e-06,2.89771e-09,1,7.1,0,0,7.1,1
711,2.2533e-06,2.8846e-09,1,7.11,0,0,7.11,1
712,2.25489e-06,2.87149e-09,1,7.12,0,0,7.12,1
713,2.25648e-06,2.85838e-09,1,7.13,0,0,7.13,1
714,2.25806e-06,2.84527e-09,1,7.14,0,0,7.14,1
715,2.25965e-06,2.83217e-09,1,7.15,0,0,7.15,1
716,2.26124e-06,2.81906e-09,1,7.16,0,0,7.16,1
717,2.26283e-06,2.80596e-09,1,7.17,0,0,7.17,1
718,2.26441e-06,2.79286e-09,1,7.18,0,0,7.18,1
719,2.266e-06,2.77976e-09,1,7.19,0,0,7.19,1
720,2.26759e-06,2.76666e-09,1,7.2,0,0,7.2,1
721,2.26918e-06,2.75357e-09,1,7.21,0,0,7.21,1
722,2.27076e-06,2.74047e-09,1,7.22,0,0,7.22,1
723,2.27235e-06,2.72738e-09,1,7.23,0,0,7.23,1
724,2.27394e-06,2.71429e-09,1,7.24,0,0,7.24,1
725,2.27553e-06,2.7012e-09,1,7.25,0,0,7.25,1
726,2.27711e-06,2.68811e-09,1,7.26,0,0,7.26,1
727,2.2787e-06,2.67502e-09,1,7.27,0,0,7.27,1
728,2.28029e-06,2.66194e-09,1,7.28,0,0,7.28,1
729,2.28187e-06,2.64885e-09,1,7.29,0,0,7.29,1
730,2.28346e-06,2.63577e-09,1,7.3,0,0,7.3,1
731,2.28505e-06,2.62269e-09,1,7.31,0,0,7.31,1
732,2.28664e-06,2.60961e-09,1,7.32,0,0,7.32,1
733,2.28822e-06,2.59653e-09,1,7.33,0,0,7.33,1
734,2.28981e-06,2.58346e-09,1,7.34,0,0,7.34,1
735,2.2914e-06,2.57038e-09,1,7.35,0,0,7.35,1
736,2.29298e-06,2.55731e-09,1,7.36,0,0,7.36,1
737,2.29457e-06,2.54424e-09,1,7.37,0,0,7.37,1
738,2.29616e-06,2.53117e-09,1,7.38,0,0,7.38,1
739,2.29775e-06,2.5181e-09,1,7.39,0,0,7.39,1
740,2.29933e-06,2.50504e-09,1,7.4,0,0,7.4,1
741,2.30092e-06,2.49197e-09,1,7.41,0,0,7.41,1
742,2.30251e-06,2.47891e-09,1,7.42,0,0,7.42,1
743,2.30409e-06,2.46585e-09,1,7.43,0,0,7.43,1
744,2.30568e-06,2.45279e-09,1,7.44,0,0,7.44,1
745,2.30727e-06,2.43973e-09,1,7.45,0,0,7.45,1
746,2.30885e-06,2.42667e-09,1,7.46,0,0,7.46,1
747,2.31044e-06,2.41362e-09,1,7.47,0,0,7.47,1
748,2.31203e-06,2.40056e-09,1,7.48,0,0,7.48,1
749,2.31362e-06,2.38751e-09,1,7.49,0,0,7.49,1
750,2.3152e-06,2.37446e-09,1,7.5,0,0,7.5,1
751,2.31679e-06,2.36141e-09,1,7.51,0,0,7.51,1
752,2.31838e-06,2.34836e-09,1,7.52,0,0,7.52,1
753,2.31996e-06,2.33532e-09,1,7.53,0,0,7.53,1
754,2.32155e-06,2.32227e-09,1,7.54,0,0,7.54,1
755,2.32314e-06,2.30923e-09,1,7.55,0,0,7.55,1
756,2.32472e-06,2.29619e-09,1,7.56,0,0,7.56,1
757,2.32654e-06,2.25552e-09,1,7.57,0,0,7.57,1
758,2.32841e-06,2.20687e-09,1,7.58,0,0,7.58,1
759,2.33025e-06,2.15912e-09,1,7.59,0,0,7.59,1
760,2.33208e-06,2.11226e-09,1,7.6,0,0,7.6,1
761,2.33388e-06,2.06626e-09,1,7.61,0,0,7.61,1
762,2.33566e-06,2.02112e-09,1,7.62,0,0,7.62,1
763,2.33743e-06,1.9768e-09,1,7.63,0,0,7.63,1
764,2.33917e-06,1.93331e-09,1,7.64,0,0,7.64,1
765,2.34089e-06,1.89063e-09,1,7.65,0,0,7.65,1
766,2.3426e-06,1.84873e-09,1,7.66,0,0,7.66,1
767,2.34428e-06,1.80761e-09,1,7.67,0,0,7.67,1
768,2.34595e-06,1.76726e-09,1,7.68,0,0,7.68,1
769,2.3476e-06,1.72765e-09,1,7.69,0,0,7.69,1
770,2.34923e-06,1.68879e-09,1,7.7,0,0,7.7,1
771,2.35084e-06,1.65064e-09,1,7.71,0,0,7.71,1
772,2.35243e-06,1.61321e-09,1,7.72,0,0,7.72,1
773,2.35401e-06,1.57649e-09,1,7.73,0,0,7.73,1
774,2.35557e-06,1.54045e-09,1,7.74,0,0,7.74,1
775,2.35712e-06,1.50509e-09,1,7.75,0,0,7.75,1
776,2.35864e-06,1.47039e-09,1,7.76,0,0,7.76,1
777,2.36016e-06,1.43636e-09,1,7.77,0,0,7.77,1
778,2.36165e-06,1.40297e-09,1,7.78,0,0,7.78,1
779,2.36313e-06,1.37022e-09,1,7.79,0,0,7.79,1
780,2.3646e-06,1.3381e-09,1,7.8,0,0,7.8,1
781,2.36605e-06,1.3066e-09,1,7.81,0,0,7.81,1
782,2.36748e-06,1.2757e-09,1,7.82,0,0,7.82,1
783,2.3689e-06,1.2454e-09,1,7.83,0,0,7.83,1
784,2.37031e-06,1.2157e-09,1,7.84,0,0,7.84,1
785,2.3717e-06,1.18657e-09,1,7.85,0,0,7.85,1
786,2.37308e-06,1.15802e-09,1,7.86,0,0,7.86,1
787,2.37444e-06,1.13004e-09,1,7.87,0,0,7.87,1
788,2.37579e-06,1.10261e-09,1,7.88,0,0,7.88,1
789,2.37713e-06,1.07574e-09,1,7.89,0,0,7.89,1
790,2.37846e-06,1.0494e-09,1,7.9,0,0,7.9,1
791,2.37977e-06,1.02361e-09,1,7.91,0,0,7.91,1
792,2.38106e-06,9.98334e-10,1,7.92,0,0,7.92,1
793,2.38235e-06,9.73583e-10,1,7.93,0,0,7.93,1
794,2.38362e-06,9.49345e-10,1,7.94,0,0,7.94,1
795,2.38488e-06,9.25615e-10,1,7.95,0,0,7.95,1
796,2.38613e-06,9.02383e-10,1,7.96,0,0,7.96,1
797,2.38737e-06,8.79647e-10,1,7.97,0,0,7.97,1
798,2.38859e-06,8.57396e-10,1,7.98,0,0,7.98,1
799,2.3898e-06,8.35627e-10,1,7.99,0,0,7.99,1
800,2.391e-06,8.14332e-10,1,8,0,0,8,1
801,2.39219e-06,7.93506e-10,1,8.01,0,0,8.01,1
802,2.39337e-06,7.73143e-10,1,8.02,0,0,8.02,1
803,2.39454e-06,7.53239e-10,1,8.03,0,0,8.03,1
804,2.39569e-06,7.33784e-10,1,8.04,0,0,8.04,1
805,2.39684e-06,7.14776e-10,1,8.05,0,0,8.05,1
806,2.39797e-06,6.96209e-10,1,8.06,0,0,8.06,1
807,2.3991e-06,6.78079e-10,1,8.07,0,0,8.07,1
808,2.40021e-06,6.60377e-10,1,8.08,0,0,8.08,1
809,2.40131e-06,6.43101e-10,1,8.09,0,0,8.09,1
810,2.40241e-06,6.26244e-10,1,8.1,0,0,8.1,1
811,2.40349e-06,6.09805e-10,1,8.11,0,0,8.11,1
812,2.40456e-06,5.93775e-10,1,8.12,0,0,8.12,1
813,2.40562e-06,5.7815e-10,1,8.13,0,0,8.13,1
814,2.40668e-06,5.62927e-10,1,8.14,0,0,8.14,1
815,2.40772e-06,5.48102e-10,1,8.15,0,0,8.15,1
816,2.40875e-06,5.33668e-10,1,8.16,0,0,8.16,1
817,2.40978e-06,5.19622e-10,1,8.17,0,0,8.17,1
818,2.41079e-06,5.0596e-10,1,8.18,0,0,8.18,1
819,2.4118e-06,4.92679e-10,1,8.19,0,0,8.19,1
820,2.41279e-06,4.79771e-10,1,8.2,0,0,8.2,1
821,2.41378e-06,4.67235e-10,1,8.21,0,0,8.21,1
822,2.41476e-06,4.55066e-10,1,8.22,0,0,8.22,1
823,2.41573e-06,4.43262e-10,1,8.23,0,0,8.23,1
824,2.41669e-06,4.31816e-10,1,8.24,0,0,8.24,1
825,2.41764e-06,4.20726e-10,1,8.25,0,0,8.25,1
826,2.41858e-06,4.09989e-10,1,8.26,0,0,8.26,1
827,2.41952e-06,3.996e-10,1,8.27,0,0,8.27,1
828,2.42044e-06,3.89556e-10,1,8.28,0,0,8.28,1
829,2.42136e-06,3.79854e-10,1,8.29,0,0,8.29,1
830,2.42227e-06,3.70489e-10,1,8.3,0,0,8.3,1
831,2.42317e-06,3.61459e-10,1,8.31,0,0,8.31,1
832,2.42407e-06,3.52761e-10,1,8.32,0,0,8.32,1
833,2.42495e-06,3.44389e-10,1,8.33,0,0,8.33,1
834,2.42583e-06,3.36343e-10,1,8.34,0,0,8.34,1
835,2.4267e-06,3.28618e-10,1,8.35,0,0,8.35,1
836,2.42756e-06,3.21213e-10,1,8.36,0,0,8.36,1
837,2.42842e-06,3.14122e-10,1,8.37,0,0,8.37,1
838,2.42926e-06,3.07343e-10,1,8.38,0,0,8.38,1
839,2.4301e-06,3.00873e-10,1,8.39,0,0,8.39,1
840,2.43093e-06,2.94711e-10,1,8.4,0,0,8.4,1
841,2.43176e-06,2.88851e-10,1,8.41,0,0,8.41,1
842,2.43257e-06,2.83292e-10,1,8.42,0,0,8.42,1
843,2.43338e-06,2.78031e-10,1,8.43,0,0,8.43,1
844,2.43419e-06,2.73066e-10,1,8.44,0,0,8.44,1
845,2.43498e-06,2.68392e-10,1,8.45,0,0,8.45,1
846,2.43577e-06,2.64009e-10,1,8.46,0,0,8.46,1
847,2.43655e-06,2.59912e-10,1,8.47,0,0,8.47,1
848,2.43732e-06,2.561e-10,1,8.48,0,0,8.48,1
849,2.43809e-06,2.5257e-10,1,8.49,0,0,8.49,1
850,2.43885e-06,2.49319e-10,1,8.5,0,0,8.5,1
851,2.43961e-06,2.46345e-10,1,8.51,0,0,8.51,1
852,2.44035e-06,2.43645e-10,1,8.52,0,0,8.52,1
853,2.44109e-06,2.41218e-10,1,8.53,0,0,8.53,1
854,2.44183e-06,2.39061e-10,1,8.54,0,0,8.54,1
855,2.44255e-06,2.37171e-10,1,8.55,0,0,8.55,1
856,2.44328e-06,2.35546e-10,1,8.56,0,0,8.56,1
857,2.44399e-06,2.34183e-10,1,8.57,0,0,8.57,1
858,2.4447e-06,2.33082e-10,1,8.58,0,0,8.58,1
859,2.4454e-06,2.32239e-10,1,8.59,0,0,8.59,1
860,2.4461e-06,2.31652e-10,1,8.6,0,0,8.6,1
861,2.44678e-06,2.31319e-10,1,8.61,0,0,8.61,1
862,2.44747e-06,2.31238e-10,1,8.62,0,0,8.62,1
863,2.44814e-06,2.31406e-10,1,8.63,0,0,8.63,1
864,2.44882e-06,2.31823e-10,1,8.64,0,0,8.64,1
865,2.44948e-06,2.32485e-10,1,8.65,0,0,8.65,1
866,2.45014e-06,2.33392e-10,1,8.66,0,0,8.66,1
867,2.45079e-06,2.34539e-10,1,8.67,0,0,8.67,1
868,2.45144e-06,2.35927e-10,1,8.68,0,0,8.68,1
869,2.45208e-06,2.37553e-10,1,8.69,0,0,8.69,1
870,2.45289e-06,2.11527e-10,1,8.7,0,0,8.7,1
871,2.45374e-06,1.87715e-10,1,8.71,0,0,8.71,1
872,2.45458e-06,1.6443e-10,1,8.72,0,0,8.72,1
873,2.45541e-06,1.41776e-10,1,8.73,0,0,8.73,1
874,2.45622e-06,1.19737e-10,1,8.74,0,0,8.74,1
875,2.45702e-06,9.83016e-11,1,8.75,0,0,8.75,1
876,2.45782e-06,7.74585e-11,1,8.76,0,0,8.76,1
877,2.4586e-06,5.71956e-11,1,8.77,0,0,8.77,1
878,2.45936e-06,3.75035e-11,1,8.78,0,0,8.78,1
879,2.46012e-06,1.83676e-11,1,8.79,0,0,8.79,1
880,2.46087e-06,-2.21069e-13,1,8.8,0,0,8.8,1
881,2.4616e-06,-1.82726e-11,1,8.81,0,0,8.81,1
882,2.46233e-06,-3.57954e-11,1,8.82,0,0,8.82,1
883,2.46304e-06,-5.28024e-11,1,8.83,0,0,8.83,1
884,2.46375e-06,-6.93014e-11,1,8.84,0,0,8.84,1
885,2.46444e-06,-8.53014e-11,1,8.85,0,0,8.85,1
886,2.46513e-06,-1.0081e-10,1,8.86,0,0,8.86,1
887,2.4658e-06,-1.15838e-10,1,8.87,0,0,8.87,1
888,2.46647e-06,-1.30393e-10,1,8.88,0,0,8.88,1
889,2.46712e-06,-1.44483e-10,1,8.89,0,0,8.89,1
890,2.46777e-06,-1.58115e-10,1,8.9,0,0,8.9,1
891,2.46841e-06,-1.71298e-10,1,8.91,0,0,8.91,1
892,2.46904e-06,-1.84038e-10,1,8.92,0,0,8.92,1
893,2.46966e-06,-1.96344e-10,1,8.93,0,0,8.93,1
894,2.47027e-06,-2.08221e-10,1,8.94,0,0,8.94,1
895,2.47088e-06,-2.19677e-10,1,8.95,0,0,8.95,1
896,2.47147e-06,-2.30719e-10,1,8.96,0,0,8.96,1
897,2.47206e-06,-2.41354e-10,1,8.97,0,0,8.97,1
898,2.47264e-06,-2.51585e-10,1,8.98,0,0,8.98,1
899,2.47321e-06,-2.61422e-10,1,8.99,0,0,8.99,1
900,2.47377e-06,-2.7087e-10,1,9,0,0,9,1
901,2.47433e-06,-2.79934e-10,1,9.01,0,0,9.01,1
902,2.47488e-06,-2.8862e-10,1,9.02,0,0,9.02,1
903,2.47542e-06,-2.96932e-10,1,9.03,0,0,9.03,1
904,2.47595e-06,-3.04879e-10,1,9.04,0,0,9.04,1
905,2.47648e-06,-3.12464e-10,1,9.05,0,0,9.05,1
906,2.477e-06,-3.19693e-10,1,9.06,0,0,9.06,1
907,2.47751e-06,-3.26569e-10,1,9.07,0,0,9.07,1
908,2.47802e-06,-3.331e-10,1,9.08,0,0,9.08,1
909,2.47852e-06,-3.39289e-10,1,9.09,0,0,9.09,1
910,2.47901e-06,-3.45142e-10,1,9.1,0,0,9.1,1
911,2.47949e-06,-3.50661e-10,1,9.11,0,0,9.11,1
912,2.47997e-06,-3.55853e-10,1,9.12,0,0,9.12,1
913,2.48044e-06,-3.60722e-10,1,9.13,0,0,9.13,1
914,2.48091e-06,-3.65271e-10,1,9.14,0,0,9.14,1
915,2.48137e-06,-3.69506e-10,1,9.15,0,0,9.15,1
916,2.48182e-06,-3.73429e-10,1,9.16,0,0,9.16,1
917,2.48227e-06,-3.77046e-10,1,9.17,0,0,9.17,1
918,2.48271e-06,-3.80361e-10,1,9.18,0,0,9.18,1
919,2.48315e-06,-3.83376e-10,1,9.19,0,0,9.19,1
920,2.48358e-06,-3.86096e-10,1,9.2,0,0,9.2,1
921,2.484e-06,-3.88524e-10,1,9.21,0,0,9.21,1
922,2.48442e-06,-3.90665e-10,1,9.22,0,0,9.22,1
923,2.48483e-06,-3.92521e-10,1,9.23,0,0,9.23,1
924,2.48524e-06,-3.94096e-10,1,9.24,0,0,9.24,1
925,2.48564e-06,-3.95394e-10,1,9.25,0,0,9.25,1
926,2.48603e-06,-3.96418e-10,1,9.26,0,0,9.26,1
927,2.48642e-06,-3.97171e-10,1,9.27,0,0,9.27,1
928,2.48681e-06,-3.97656e-10,1,9.28,0,0,9.28,1
929,2.48719e-06,-3.97877e-10,1,9.29,0,0,9.29,1
930,2.48756e-06,-3.97836e-10,1,9.3,0,0,9.3,1
931,2.48793e-06,-3.97537e-10,1,9.31,0,0,9.31,1
932,2.48829e-06,-3.96983e-10,1,9.32,0,0,9.32,1
933,2.48865e-06,-3.96176e-10,1,9.33,0,0,9.33,1
934,2.48901e-06,-3.95119e-10,1,9.34,0,0,9.34,1
935,2.48936e-06,-3.93815e-10,1,9.35,0,0,9.35,1
936,2.4897e-06,-3.92267e-10,1,9.36,0,0,9.36,1
937,2.49004e-06,-3.90478e-10,1,9.37,0,0,9.37,1
938,2.49037e-06,-3.8845e-10,1,9.38,0,0,9.38,1
939,2.4907e-06,-3.86186e-10,1,9.39,0,0,9.39,1
940,2.49103e-06,-3.83688e-10,1,9.4,0,0,9.4,1
941,2.49135e-06,-3.80959e-10,1,9.41,0,0,9.41,1
942,2.49167e-06,-3.78001e-10,1,9.42,0,0,9.42,1
943,2.49198e-06,-3.74817e-10,1,9.43,0,0,9.43,1
944,2.49228e-06,-3.7141e-10,1,9.44,0,0,9.44,1
945,2.49259e-06,-3.6778e-10,1,9.45,0,0,9.45,1
946,2.49289e-06,-3.63932e-10,1,9.46,0,0,9.46,1
947,2.49318e-06,-3.59866e-10,1,9.47,0,0,9.47,1
948,2.49347e-06,-3.55586e-10,1,9.48,0,0,9.48,1
949,2.49375e-06,-3.51093e-10,1,9.49,0,0,9.49,1
950,2.49404e-06,-3.46389e-10,1,9.5,0,0,9.5,1
951,2.49431e-06,-3.41477e-10,1,9.51,0,0,9.51,1
952,2.49459e-06,-3.36359e-10,1,9.52,0,0,9.52,1
953,2.49485e-06,-3.31037e-10,1,9.53,0,0,9.53,1
954,2.49512e-06,-3.25513e-10,1,9.54,0,0,9.54,1
955,2.49538e-06,-3.19788e-10,1,9.55,0,0,9.55,1
956,2.49564e-06,-3.13864e-10,1,9.56,0,0,9.56,1
957,2.49589e-06,-3.07745e-10,1,9.57,0,0,9.57,1
958,2.49614e-06,-3.01431e-10,1,9.58,0,0,9.58,1
959,2.49638e-06,-2.94924e-10,1,9.59,0,0,9.59,1
960,2.49663e-06,-2.88227e-10,1,9.6,0,0,9.6,1
961,2.49686e-06,-2.8134e-10,1,9.61,0,0,9.61,1
962,2.4971e-06,-2.74266e-10,1,9.62,0,0,9.62,1
963,2.49733e-06,-2.67007e-10,1,9.63,0,0,9.63,1
964,2.49755e-06,-2.59563e-10,1,9.64,0,0,9.64,1
965,2.49778e-06,-2.51938e-10,1,9.65,0,0,9.65,1
966,2.49799e-06,-2.44132e-10,1,9.66,0,0,9.66,1
967,2.49821e-06,-2.36147e-10,1,9.67,0,0,9.67,1
968,2.49842e-06,-2.27984e-10,1,9.68,0,0,9.68,1
969,2.49863e-06,-2.19647e-10,1,9.69,0,0,9.69,1
970,2.49884e-06,-2.11135e-10,1,9.7,0,0,9.7,1
971,2.49904e-06,-2.0245e-10,1,9.71,0,0,9.71,1
972,2.49924e-06,-1.93594e-10,1,9.72,0,0,9.72,1
973,2.49943e-06,-1.8457e-10,1,9.73,0,0,9.73,1
974,2.49962e-06,-1.75376e-10,1,9.74,0,0,9.74,1
975,2.49981e-06,-1.66016e-10,1,9.75,0,0,9.75,1
976,2.5e-06,-1.5649e-10,1,9.76,0,0,9.76,1
977,2.50018e-06,-1.46801e-10,1,9.77,0,0,9.77,1
978,2.50036e-06,-1.3695e-10,1,9.78,0,0,9.78,1
979,2.50053e-06,-1.26937e-10,1,9.79,0,0,9.79,1
980,2.5007e-06,-1.16765e-10,1,9.8,0,0,9.8,1
981,2.50087e-06,-1.06434e-10,1,9.81,0,0,9.81,1
982,2.50104e-06,-9.5947e-11,1,9.82,0,0,9.82,1
983,2.5012e-06,-8.53032e-11,1,9.83,0,0,9.83,1
984,2.50136e-06,-7.4505e-11,1,9.84,0,0,9.84,1
985,2.50152e-06,-6.35536e-11,1,9.85,0,0,9.85,1
986,2.50167e-06,-5.24512e-11,1,9.86,0,0,9.86,1
987,2.50182e-06,-4.1197e-11,1,9.87,0,0,9.87,1
988,2.50197e-06,-2.97933e-11,1,9.88,0,0,9.88,1
989,2.50211e-06,-1.82412e-11,1,9.89,0,0,9.89,1
990,2.50225e-06,-6.54303e-12,1,9.9,0,0,9.9,1
991,2.50239e-06,5.30225e-12,1,9.91,0,0,9.91,1
992,2.50253e-06,1.72924e-11,1,9.92,0,0,9.92,1
993,2.50266e-06,2.94263e-11,1,9.93,0,0,9.93,1
994,2.50279e-06,4.17016e-11,1,9.94,0,0,9.94,1
995,2.50292e-06,5.41196e-11,1,9.95,0,0,9.95,1
996,2.50304e-06,6.6678e-11,1,9.96,0,0,9.96,1
997,2.50316e-06,7.93757e-11,1,9.97,0,0,9.97,1
998,2.50328e-06,9.22105e-11,1,9.98,0,0,9.98,1
999,2.5034e-06,1.05184e-10,1,9.99,0,0,9.99,1
1000,2.50351e-06,1.18293e-10,1,10,0,0,10,1
